name,mid_yield,bid_yield,ask_yield,issue_size,rating,ticker,g_spread,liquidity,volatility,maturity,duration,bidask_spread
EK735019 Corp,0.8815879534565366,0.203,0.138,4300000000.0,AAA,IBRD,11.21638,97.0,0.2236790657043457,0.8815879534565366,0.8709991699548177,0.065
EK744701 Corp,0.9034907597535934,0.195,0.12,3475000000.0,AAA,ASIA,9.702891,98.0,0.21487222611904144,0.9034907597535934,0.8926175164477416,0.07500000000000001
BH800056 Corp,4.076659822039699,0.714,0.688,8000000000.0,AAA,IBRD,8.064325,99.0,1.4471960067749023,4.076659822039699,4.019213903680359,0.026000000000000023
EK740464 Corp,0.8870636550308009,0.228,0.15,3500000000.0,AA,CADES,12.86711,97.0,0.251773864030838,0.8870636550308009,0.8759477161683761,0.07800000000000001
BJ819230 Corp,4.210814510609172,0.836,0.795,2500000000.0,AAA,CADEPO,15.69829,94.0,1.5887727737426758,4.210814510609172,4.130845038280891,0.040999999999999925
EK535315 Corp,3.5592060232717317,0.55,0.533,1000000000.0,AAA,EIB,6.478352,98.0,1.0863770246505737,3.5592060232717317,3.394442245360468,0.017000000000000015
BJ926997 Corp,4.306639288158795,0.865,0.84,4000000000.0,AAA,IADB,16.97199,99.0,2.2226078510284424,4.306639288158795,4.2495332324690045,0.025000000000000022
BG517448 Corp,3.9616700889801506,0.677,0.652,3500000000.0,AAA,IBRD,7.448406,99.0,1.4870824813842773,3.9616700889801506,3.9093053845885413,0.025000000000000022
ZO460519 Corp,2.4750171115674195,0.565,0.525,650000000.0,A,BNS,30.74181,71.0,0.8742969632148743,2.4750171115674195,2.458548438453012,0.039999999999999925
BJ878734 Corp,4.213552361396304,1.293,1.254,1000000000.0,A,BNS,60.89758,73.0,2.4292821884155273,4.213552361396304,4.096683740136117,0.038999999999999924
BM045229 Corp,4.594113620807666,0.886,0.865,6000000000.0,AAA,IBRD,11.30486,100.0,2.3010079860687256,4.594113620807666,4.535274469482123,0.02100000000000002
BH841270 Corp,4.334017796030117,0.831,0.805,3000000000.0,AAA,EIB,12.71217,99.0,2.1971287727355957,4.334017796030117,4.277365441844747,0.025999999999999912
BJ731253 Corp,4.191649555099247,1.139,1.073,1000000000.0,AA-,KDB,46.72499,76.0,1.86212158203125,4.191649555099247,4.079124812963344,0.06600000000000006
BJ808596 Corp,2.4750171115674195,0.319,0.289,5000000000.0,AAA,EIB,6.695487,100.0,0.6855927109718323,2.4750171115674195,2.4659828254399385,0.030000000000000027
BK546321 Corp,4.328542094455853,0.894,0.854,3250000000.0,AA-,Q,18.43305,98.0,2.103489637374878,4.328542094455853,4.2739046422318,0.040000000000000036
EK461246 Corp,0.5585215605749486,0.181,0.127,3000000000.0,AAA,EIB,11.81036,98.0,0.1729041039943695,0.5585215605749486,0.5503499068454321,0.05399999999999999
ZO393328 Corp,4.725530458590007,0.915,0.895,4000000000.0,AAA,EIB,10.73686,100.0,2.422206163406372,4.725530458590007,4.679624042969202,0.020000000000000018
ZR239103 Corp,3.4277891854893907,0.522,0.494,3500000000.0,AAA,IBRD,6.523162,99.0,0.9960689544677734,3.4277891854893907,3.349380056211034,0.028000000000000025
AM127888 Corp,2.830937713894593,0.415,0.374,1800000000.0,AAA,RENTEN,9.828174,97.0,0.8145148754119873,2.830937713894593,2.760848473471214,0.04099999999999998
BI004761 Corp,4.095824777549623,0.709,0.672,4500000000.0,AAA,ASIA,6.672045,98.0,1.5142865180969238,4.095824777549623,4.038674676382404,0.03699999999999992
AX312641 Corp,0.8952772073921971,0.187,0.149,5000000000.0,AAA,KFW,10.89217,99.0,0.23928368091583252,0.8952772073921971,0.8827864763855402,0.038000000000000006
AM696757 Corp,0.9500342231348392,0.252,0.174,1500000000.0,AA-,BNS,14.81782,58.0,0.3637206554412842,0.9500342231348392,0.9434207923452146,0.07800000000000001
BK589715 Corp,4.342231348391513,0.846,0.821,5000000000.0,AAA,IBRD,14.09479,99.0,2.2300009727478027,4.342231348391513,4.307693169974758,0.025000000000000022
BH912857 Corp,2.16290212183436,0.254,0.233,4250000000.0,AAA,IADB,5.249322,98.0,0.7112793922424316,2.16290212183436,2.1514985235640296,0.02099999999999999
ZP297264 Corp,3.969883641341547,0.679,0.662,4000000000.0,AAA,EIB,7.826754,99.0,1.3655873537063599,3.969883641341547,3.860912319789859,0.017000000000000015
AZ789585 Corp,5.3579739904175225,1.505,1.464,1250000000.0,A,BNS,52.35383,76.0,2.943554401397705,5.3579739904175225,5.016745507293351,0.040999999999999925
ZS790951 Corp,2.1820670773442847,0.349,0.312,1000000000.0,AA+,NRWBK,14.13769,95.0,0.6546852588653564,2.1820670773442847,2.116990728073408,0.03699999999999998
BK296472 Corp,2.291581108829569,0.325,0.275,2100000000.0,AAA,EBRD,9.164441,97.0,0.6482855081558228,2.291581108829569,2.2854276437861993,0.04999999999999999
BJ421717 Corp,4.1505817932922655,0.708,0.667,2365000000.0,NR,EBRD,4.180841,97.0,1.6535961627960205,4.1505817932922655,4.105138375308183,0.040999999999999925
AM076416 Corp,0.9500342231348392,0.185,0.152,5000000000.0,AAA,KFW,10.71409,99.0,0.2154725193977356,0.9500342231348392,0.9447938596791257,0.033
AT523053 Corp,2.3901437371663246,0.313,0.284,4000000000.0,NR,EIB,7.557832,100.0,0.6626085638999939,2.3901437371663246,2.321548870403467,0.029000000000000026
JK762391 Corp,5.070499657768652,1.058,1.009,2000000000.0,AA-,Q,16.8888,96.0,2.558692216873169,5.070499657768652,4.757118553555708,0.049000000000000155
ZP334402 Corp,1.8562628336755647,0.44,0.382,1000000000.0,A,BNS,26.78176,66.0,0.5811240077018738,1.8562628336755647,1.8217168361913436,0.057999999999999996
AX106418 Corp,2.8829568788501025,0.771,0.715,1250000000.0,A,BNS,43.72477,70.0,1.1065013408660889,2.8829568788501025,2.760599217922121,0.05600000000000005
ZQ454739 Corp,3.6386036960985626,0.668,0.632,2250000000.0,AA-,ALTA,14.96263,94.0,1.1587213277816772,3.6386036960985626,3.509343084499205,0.03600000000000003
EK039086 Corp,2.847364818617385,0.378,0.365,4500000000.0,AAA,EIB,7.77211,100.0,0.7863407731056213,2.847364818617385,2.732689710068858,0.013000000000000012
EK870708 Corp,4.1040383299110195,0.705,0.682,3000000000.0,AAA,KFW,6.365824,99.0,1.4714992046356201,4.1040383299110195,3.9345643343119994,0.02299999999999991
ZR743871 Corp,3.5208761122518824,0.582,0.509,500000000.0,AA-,KDB,8.950961,85.0,0.8571555614471436,3.5208761122518824,3.3777973976443185,0.07299999999999995
AV244275 Corp,2.6036960985626285,0.451,0.381,2250000000.0,AA-,ALTA,15.80493,97.0,0.7566031813621521,2.6036960985626285,2.4850344427130677,0.07
AU503633 Corp,2.48870636550308,0.349,0.306,2000000000.0,AAA,AFDB,8.83781,97.0,0.6904762983322144,2.48870636550308,2.416019192412067,0.04299999999999998
ZR716500 Corp,3.509924709103354,0.57,0.535,1250000000.0,AA+,BRCOL,8.321111,94.0,1.1730855703353882,3.509924709103354,3.389554898069836,0.03499999999999992
ZO480131 Corp,4.498288843258043,0.937,0.895,4000000000.0,AA,CADES,17.93865,98.0,2.282721757888794,4.498288843258043,4.460392679707325,0.04200000000000004
BM011762 Corp,2.5900068446269677,0.481,0.411,500000000.0,AA-,KDB,20.0724,70.0,0.34985196590423584,2.5900068446269677,2.570265960696166,0.07
AM447320 Corp,0.8980150581793293,0.2,0.122,3750000000.0,AAA,ASIA,10.23249,97.0,0.2361452430486679,0.8980150581793293,0.8867609403090004,0.07800000000000001
BJ298519 Corp,4.136892539356605,0.797,0.763,1250000000.0,AA+,SEK,13.29643,93.0,1.674483299255371,4.136892539356605,4.08020200649758,0.03400000000000003
BH797785 Corp,2.099931553730322,0.5,0.461,1250000000.0,A,BNS,30.32178,76.0,0.6104023456573486,2.099931553730322,2.0606870683164926,0.03899999999999998
ZP866478 Corp,3.885010266940452,0.708,0.676,2500000000.0,AA-,Q,12.61554,98.0,1.4042296409606934,3.885010266940452,3.7770646373340946,0.03199999999999992
AM599171 Corp,0.9281314168377823,0.435,0.33,500000000.0,AA-,KDB,32.10775,61.0,0.18448932468891144,0.9281314168377823,0.9158157217251129,0.10499999999999998
BM011763 Corp,5.089664613278576,1.206,1.149,500000000.0,AA-,KDB,29.97075,77.0,2.240842819213867,5.089664613278576,4.979231047579615,0.05699999999999994
AP609974 Corp,1.5824777549623545,0.22,0.172,1000000000.0,AAA,IFC,7.661253,96.0,0.34360697865486145,1.5824777549623545,1.5516459688068467,0.048000000000000015
EK732017 Corp,3.8822724161533197,0.656,0.636,3000000000.0,AAA,EIB,7.885448,99.0,1.420492172241211,3.8822724161533197,3.7510220176076197,0.020000000000000018
BH344030 Corp,2.023271731690623,0.266,0.231,3100000000.0,AAA,AFDB,8.586287,96.0,0.36507222056388855,2.023271731690623,2.003749688686567,0.035
BJ433611 Corp,4.153319644079398,0.835,0.803,2250000000.0,A+,ALTA,17.68672,95.0,1.505211591720581,4.153319644079398,4.064695806011853,0.03199999999999992
BK404195 Corp,4.314852840520191,0.833,0.808,5000000000.0,AAA,KFW,13.40631,99.0,2.178934097290039,4.314852840520191,4.279928152473601,0.02499999999999991
ZP379213 Corp,3.969883641341547,0.682,0.651,3000000000.0,AAA,IADB,7.263066,99.0,1.5355478525161743,3.969883641341547,3.8531280975732014,0.031000000000000028
JV233302 Corp,4.728268309377139,1.524,1.459,1250000000.0,BBB+,BNS,68.19892,60.0,3.2419772148132324,4.728268309377139,4.294493946103255,0.06499999999999995
ZP327532 Corp,3.811088295687885,0.701,0.66,2000000000.0,AAA,NEDWBK,13.13436,93.0,1.4025037288665771,3.811088295687885,3.6892003417019885,0.040999999999999925
ZP334405 Corp,3.863107460643395,1.207,1.161,1250000000.0,A,BNS,61.97231,74.0,2.0854008197784424,3.863107460643395,3.7100134251374572,0.04600000000000004
BJ572389 Corp,4.172484599589322,0.753,0.725,2000000000.0,AAA,RENTEN,9.192963,97.0,1.5607359409332275,4.172484599589322,4.127296153721923,0.028000000000000025
LW223713 Corp,5.188227241615332,1.097,1.067,750000000.0,AA+,BRCOL,16.69061,92.0,3.148820638656616,5.188227241615332,4.901051648056535,0.030000000000000027
EK851739 Corp,2.0616016427104724,0.285,0.272,2500000000.0,AAA,RENTEN,10.76466,98.0,0.4783061742782593,2.0616016427104724,2.007619057403895,0.012999999999999956
ZP320936 Corp,3.811088295687885,0.636,0.607,3500000000.0,AAA,IBRD,7.418209,99.0,1.3903266191482544,3.811088295687885,3.697150506487984,0.029000000000000026
AM186927 Corp,0.840520191649555,0.207,0.138,5000000000.0,NR,IBRD,11.63928,98.0,0.24606436491012573,0.840520191649555,0.8312051067115918,0.06899999999999998
ZP334800 Corp,0.8076659822039699,0.281,0.219,1400000000.0,AA+,SEK,19.83141,94.0,0.16729506850242615,0.8076659822039699,0.7987753843758983,0.06200000000000003
AQ664478 Corp,1.9712525667351128,0.242,0.218,5000000000.0,AAA,EIB,6.179559,99.0,0.4519509971141815,1.9712525667351128,1.936416142597935,0.023999999999999994
BK438255 Corp,4.309377138945927,0.861,0.828,2000000000.0,AAA,IFC,15.84212,99.0,2.0711824893951416,4.309377138945927,4.274349772414003,0.03300000000000003
ZP458734 Corp,1.894592744695414,0.238,0.208,5000000000.0,AAA,KFW,7.824449,99.0,0.351528525352478,1.894592744695414,1.8652214850972428,0.03
AZ659736 Corp,1.8179329226557153,0.49,0.404,500000000.0,A,BNS,30.71243,65.0,0.4528769254684448,1.8179329226557153,1.7797079710086994,0.08599999999999997
JK696785 Corp,5.0513347022587265,0.984,0.957,1500000000.0,AAA,EIB,8.447754,99.0,2.289642095565796,5.0513347022587265,4.7800535476731,0.027000000000000024
BG074284 Corp,1.919233401779603,0.244,0.211,2000000000.0,AAA,EDC,8.086715,92.0,0.5055640935897827,1.919233401779603,1.8937637974170243,0.033
EK124779 Corp,2.9869952087611225,0.468,0.418,3000000000.0,AA,CADES,11.44852,98.0,0.8922790288925171,2.9869952087611225,2.8702817899911377,0.050000000000000044
EK265953 Corp,3.143052703627652,0.554,0.509,1250000000.0,A+,ONT,16.68093,96.0,1.0277200937271118,3.143052703627652,2.9889681069280822,0.04500000000000004
AZ659737 Corp,3.3292265571526354,0.549,0.515,2000000000.0,AA+,LBANK,11.90512,93.0,0.9880210161209106,3.3292265571526354,3.215351526576937,0.03400000000000003
AS258655 Corp,4.219028062970568,0.729,0.718,1500000000.0,AAA,EIB,5.347172,97.0,1.5764756202697754,4.219028062970568,3.983141254777653,0.01100000000000001
JV534160 Corp,4.804928131416838,1.177,1.117,1000000000.0,AA-,KDB,34.46965,80.0,2.029325246810913,4.804928131416838,4.496719442315728,0.06000000000000005
EJ507515 Corp,1.8151950718685832,0.221,0.21,4000000000.0,AAA,KFW,7.705248,99.0,0.43920525908470154,1.8151950718685832,1.7804616940118685,0.01100000000000001
AZ660628 Corp,5.327857631759069,1.066,1.052,1500000000.0,AAA,IADB,10.7062,98.0,2.5788846015930176,5.327857631759069,5.071367919129872,0.014000000000000012
JK856834 Corp,5.089664613278576,1.127,1.092,1000000000.0,A+,ONT,21.61097,98.0,2.7943992614746094,5.089664613278576,4.7758044948231415,0.03499999999999992
AW877781 Corp,0.8542094455852156,0.248,0.201,1500000000.0,AA+,OKB,16.46727,98.0,0.2330157607793808,0.8542094455852156,0.8408207546534101,0.046999999999999986
EK750986 Corp,0.917180013689254,0.211,0.137,1000000000.0,NR,EBRD,11.24426,91.0,0.19301097095012665,0.917180013689254,0.9065060372619084,0.07399999999999998
EK737497 Corp,0.8870636550308009,0.217,0.169,3500000000.0,AA,CADES,13.33059,97.0,0.17434170842170715,0.8870636550308009,0.8759476393038645,0.04799999999999999
ZR347930 Corp,1.4510609171800137,0.205,0.17,3000000000.0,AAA,EIB,8.086361,99.0,0.25722944736480713,1.4510609171800137,1.4371027046849394,0.034999999999999976
EK600559 Corp,3.6577686516084875,0.585,0.561,5000000000.0,AAA,KFW,6.731378,99.0,1.1773015260696411,3.6577686516084875,3.491544249982769,0.02399999999999991
EK076245 Corp,2.9103353867214237,0.409,0.383,3450000000.0,AAA,IADB,8.743144,99.0,0.831940770149231,2.9103353867214237,2.801639704096994,0.025999999999999968
AX417633 Corp,0.9500342231348392,0.266,0.245,2000000000.0,AAA,CADEPO,18.92868,92.0,0.21573606133460999,0.9500342231348392,0.9433008021586187,0.02100000000000002
ZP845257 Corp,2.138261464750171,0.257,0.229,3000000000.0,AAA,EIB,6.150977,99.0,0.4975251257419586,2.138261464750171,2.1055383823179152,0.027999999999999997
ZR348445 Corp,3.3648186173853527,0.498,0.484,3000000000.0,AAA,KFW,6.526356,98.0,1.0103285312652588,3.3648186173853527,3.2915267183877046,0.014000000000000012
BG740687 Corp,1.9849418206707734,0.337,0.301,1000000000.0,AAA,IFC,18.01071,84.0,0.7238976955413818,1.9849418206707734,1.9786579397714263,0.03600000000000003
BH402538 Corp,4.024640657084189,0.693,0.67,2000000000.0,AAA,IADB,7.511312,98.0,1.4114799499511719,4.024640657084189,3.945020573445561,0.02299999999999991
EI871954 Corp,0.6461327857631759,0.422,0.301,750000000.0,AA-,KDB,32.44741,61.0,0.3048907220363617,0.6461327857631759,0.6305967328533331,0.121
AQ324275 Corp,0.7200547570157426,0.198,0.031,1000000000.0,AAA,IBRD,6.578853,94.0,0.21404512226581573,0.7200547570157426,0.7114619664951412,0.167
ZQ051895 Corp,1.6427104722792607,0.428,0.332,1000000000.0,A,BNS,25.7803,74.0,0.5454333424568176,1.6427104722792607,1.609918734706997,0.09599999999999997
AW711129 Corp,2.830937713894593,0.501,0.463,1750000000.0,A+,ALTA,19.17595,98.0,0.8481464385986328,2.830937713894593,2.725300072044814,0.03799999999999998
EJ545866 Corp,1.88911704312115,0.345,0.311,1250000000.0,AA-,Q,18.36133,95.0,0.5444561243057251,1.88911704312115,1.8457852412480862,0.033999999999999975
AX419378 Corp,0.9500342231348392,0.261,0.21,2000000000.0,AAA,CADEPO,18.14784,92.0,0.24339067935943604,0.9500342231348392,0.9433014685011827,0.05100000000000002
LW223775 Corp,5.188227241615332,1.052,1.014,2250000000.0,AAA,IADB,11.4787,98.0,2.428877353668213,5.188227241615332,4.929919624518202,0.038000000000000034
BH455816 Corp,1.0349075975359343,0.205,0.162,4500000000.0,AAA,ASIA,11.30515,98.0,0.1856781244277954,1.0349075975359343,1.0286823647736738,0.04299999999999998
ZP988502 Corp,3.9041752224503763,1.135,1.066,750000000.0,AA-,KDB,53.93972,77.0,1.7124344110488892,3.9041752224503763,3.77969744044222,0.06899999999999995
AM358861 Corp,0.8761122518822724,0.263,0.202,2500000000.0,A+,ONT,17.54014,96.0,0.2137766182422638,0.8761122518822724,0.8635785421548651,0.061
EK685342 Corp,3.811088295687885,0.637,0.61,3400000000.0,AAA,IADB,7.47865,99.0,1.3772162199020386,3.811088295687885,3.666428553970324,0.027000000000000024
ZO599812 Corp,2.513347022587269,0.39,0.357,1250000000.0,AA+,SEK,12.81822,93.0,0.7367838025093079,2.513347022587269,2.501742361231112,0.03300000000000003
TT313433 Corp,1.8206707734428473,0.244,0.202,1250000000.0,AAA,IBRD,8.086598,94.0,0.5998559594154358,1.8206707734428473,1.7172003903362123,0.04199999999999998
JK837637 Corp,5.08145106091718,0.995,0.962,1000000000.0,AAA,ASIA,8.678719,95.0,2.429107904434204,5.08145106091718,4.824816784611599,0.03300000000000003
AW584274 Corp,2.811772758384668,0.397,0.363,4000000000.0,AAA,IADB,8.652174,99.0,0.7934116721153259,2.811772758384668,2.7164796119552013,0.03400000000000003
AU605194 Corp,2.507871321013005,0.34,0.298,4000000000.0,AAA,IBRD,7.571814,99.0,0.6480429172515869,2.507871321013005,2.401778706537647,0.04200000000000004
AW780349 Corp,2.847364818617385,0.484,0.441,2500000000.0,A+,ONT,16.41248,98.0,0.9157171249389648,2.847364818617385,2.7388217922332845,0.04299999999999998
AU370360 Corp,0.7255304585900069,0.169,0.135,3000000000.0,NR,EIB,10.27422,97.0,0.25534847378730774,0.7255304585900069,0.7152307229591676,0.034
AX183505 Corp,2.9048596851471595,0.547,0.461,500000000.0,AA-,KDB,20.64431,85.0,0.672258734703064,2.9048596851471595,2.7879902957368765,0.08600000000000002
ZS521230 Corp,3.249828884325804,0.473,0.45,3000000000.0,AAA,EIB,6.678927,99.0,0.9774284362792969,3.249828884325804,3.1366796171720503,0.022999999999999965
EK847160 Corp,1.054072553045859,0.2,0.137,3100000000.0,AAA,IADB,9.544692,98.0,0.2818102240562439,1.054072553045859,1.0399712321107177,0.063
EJ406717 Corp,1.5797399041752225,0.261,0.208,1250000000.0,AA+,BRCOL,11.65357,90.0,0.3276333808898926,1.5797399041752225,1.5488555855559,0.05300000000000002
ZO037507 Corp,4.421629021218344,0.976,0.943,1000000000.0,AA+,SEK,24.077,96.0,2.0672667026519775,4.421629021218344,4.374242147772427,0.03300000000000003
ZO140062 Corp,2.642026009582478,0.353,0.327,2500000000.0,AAA,IADB,7.524108,98.0,0.6775951385498047,2.642026009582478,2.628262668435383,0.025999999999999968
AZ139190 Corp,5.223819301848049,1.158,1.121,1750000000.0,A+,ONT,21.39013,98.0,2.7900218963623047,5.223819301848049,4.931024280252002,0.03699999999999992
ZR995166 Corp,3.561943874058864,0.556,0.537,2000000000.0,AAA,IFC,6.638996,97.0,1.2374167442321777,3.561943874058864,3.4658941249884254,0.019000000000000017
AW541713 Corp,2.973305954825462,0.407,0.385,4000000000.0,AAA,EIB,7.709121,99.0,0.8690483570098877,2.973305954825462,2.880342633515397,0.021999999999999964
ZO494377 Corp,2.568104038329911,0.333,0.312,4000000000.0,AAA,KFW,7.102935,99.0,0.7585003972053528,2.568104038329911,2.556856739892686,0.02100000000000002
ZR706032 Corp,3.509924709103354,0.552,0.534,1150000000.0,NR,EBRD,7.678452,96.0,1.1117664575576782,3.509924709103354,3.3973547342994923,0.018000000000000016
ZS763064 Corp,1.267624914442163,0.206,0.17,4000000000.0,AAA,IBRD,9.6804,99.0,0.26954519748687744,1.267624914442163,1.2511982398231003,0.035999999999999976
ZO140183 Corp,4.4435318275154,0.888,0.85,3000000000.0,AAA,ASIA,14.86589,99.0,2.307290554046631,4.4435318275154,4.4048817633820585,0.038000000000000034
AP163394 Corp,1.486652977412731,0.309,0.233,1000000000.0,AA-,BNS,16.15286,73.0,0.5362020134925842,1.486652977412731,1.4655710709251943,0.07599999999999998
EI972560 Corp,0.837782340862423,0.17,0.158,3000000000.0,AAA,KFW,10.80556,98.0,0.2586122751235962,0.837782340862423,0.8269337627680109,0.01200000000000001
AM076072 Corp,0.8186173853524983,0.206,0.134,3200000000.0,AAA,IADB,11.49853,96.0,0.21838508546352386,0.8186173853524983,0.8086827369825913,0.07199999999999998
AN572398 Corp,1.1471594798083504,0.317,0.285,2000000000.0,A+,ONT,22.01019,96.0,0.38772261142730713,1.1471594798083504,1.1308586045122624,0.03200000000000003
AR519486 Corp,1.949349760438056,0.256,0.225,1650000000.0,AAA,EBRD,8.769147,99.0,0.5044054985046387,1.949349760438056,1.9107960134453745,0.031
JK609301 Corp,5.034907597535934,0.984,0.952,1200000000.0,AAA,IFC,8.858379,94.0,2.3623175621032715,5.034907597535934,4.763286919134554,0.03200000000000003
BK403717 Corp,2.302532511978097,0.301,0.276,4000000000.0,AAA,ASIA,7.999584,99.0,0.6605108976364136,2.302532511978097,2.296539813468558,0.024999999999999967
AX634270 Corp,2.9842573579739904,0.418,0.38,4500000000.0,AAA,IBRD,7.791139,99.0,0.845458984375,2.9842573579739904,2.8955172654113253,0.03799999999999998
AV214516 Corp,2.7214236824093088,0.358,0.33,3000000000.0,NR,EIB,6.631392,99.0,0.7360885739326477,2.7214236824093088,2.6116693691572985,0.02799999999999997
EK508655 Corp,0.5174537987679672,0.227,0.103,500000000.0,AAA,NIB,13.21786,88.0,0.19620105624198914,0.5174537987679672,0.5083834910162255,0.12400000000000001
BK619553 Corp,3.34839151266256,0.555,0.53,750000000.0,AA+,SEK,11.2916,92.0,1.023855447769165,3.34839151266256,3.3275622005229826,0.025000000000000022
AM714472 Corp,0.9555099247091033,0.349,0.205,1400000000.0,AA+,SEK,21.20697,92.0,0.3063238561153412,0.9555099247091033,0.9497480526567104,0.144
AX310778 Corp,2.926762491444216,0.418,0.381,1000000000.0,AA+,COE,8.641003,98.0,0.7877813577651978,2.926762491444216,2.8344061463008656,0.03699999999999998
AZ117254 Corp,2.2340862422997945,0.281,0.262,2100000000.0,AAA,IBRD,7.254254,97.0,0.5125086903572083,2.2340862422997945,2.1883813016036386,0.019000000000000017
AO422284 Corp,1.3360711841204653,0.275,0.222,1500000000.0,AA-,ALTA,15.12598,96.0,0.29304036498069763,1.3360711841204653,1.3201063133693953,0.05300000000000002
UV334329 Corp,4.344969199178645,0.871,0.835,4350000000.0,AAA,IBRD,15.79147,99.0,2.16627836227417,4.344969199178645,4.137620881354984,0.03600000000000003
AL005253 Corp,0.6078028747433265,0.19,0.14,1000000000.0,NR,EBRD,12.57099,95.0,0.1937442272901535,0.6078028747433265,0.5990802807269765,0.04999999999999999
BJ427055 Corp,4.1505817932922655,0.754,0.726,1000000000.0,AA+,NRWBK,9.587808,95.0,1.6379019021987915,4.1505817932922655,4.088065501620253,0.028000000000000025
BG176981 Corp,3.9288158795345653,0.677,0.65,1000000000.0,AA+,COE,8.261406,98.0,1.2202352285385132,3.9288158795345653,3.829523401894577,0.027000000000000024
BH642715 Corp,2.0533880903490758,0.373,0.365,1000000000.0,AA+,OMERFT,19.97903,88.0,0.5508863925933838,2.0533880903490758,2.0252735032213,0.008000000000000007
BK078905 Corp,2.8966461327857633,0.436,0.411,1250000000.0,AAA,KOMINS,11.76006,97.0,0.8505074381828308,2.8966461327857633,2.877653157716973,0.025000000000000022
EK536053 Corp,3.561943874058864,0.603,0.543,1600000000.0,AA-,Q,9.361764,98.0,1.5250037908554077,3.561943874058864,3.3754361943079476,0.05999999999999994
EK609104 Corp,3.671457905544148,0.586,0.542,4300000000.0,AAA,IBRD,5.290119,98.0,1.1534579992294312,3.671457905544148,3.5054709436742226,0.04399999999999993
AP528514 Corp,1.7248459958932238,0.219,0.189,3000000000.0,AAA,EIB,7.344301,99.0,0.33175545930862427,1.7248459958932238,1.6933101125821264,0.03
AQ723855 Corp,1.7631759069130732,0.222,0.2,5000000000.0,AAA,KFW,7.261689,99.0,0.34170931577682495,1.7631759069130732,1.7270216731711678,0.021999999999999992
EK764210 Corp,3.9397672826830936,0.673,0.639,700000000.0,NR,IBRD,7.150581,94.0,1.3883235454559326,3.9397672826830936,3.799656397228785,0.03400000000000003
QZ213783 Corp,5.3963039014373715,1.262,1.237,1000000000.0,A+,ALTA,28.53063,97.0,3.464148998260498,5.3963039014373715,5.130669752542718,0.02499999999999991
BJ815347 Corp,4.210814510609172,0.747,0.725,1000000000.0,AAA,KOMMUN,7.654269,93.0,1.6181355714797974,4.210814510609172,4.146405462452996,0.02200000000000002
AM249094 Corp,0.8569472963723477,0.231,0.153,1250000000.0,AAA,NIB,13.45715,97.0,0.25658804178237915,0.8569472963723477,0.8447932582927322,0.07800000000000001
AV889953 Corp,0.7008898015058179,0.183,0.131,500000000.0,AAA,AFDB,10.42276,87.0,0.20751401782035828,0.7008898015058179,0.6899354328931437,0.05199999999999999
BJ816817 Corp,4.210814510609172,0.848,0.824,2500000000.0,AAA,CADEPO,17.67038,94.0,1.6986474990844727,4.210814510609172,4.130800899754874,0.02400000000000002
AX982158 Corp,3.0417522245037647,0.48,0.457,1000000000.0,AA-,Q,13.10894,98.0,0.9695737361907959,3.0417522245037647,2.917042586577361,0.022999999999999965
AL379804 Corp,0.6844626967830253,0.173,0.113,1500000000.0,AAA,KFW,9.786511,95.0,0.2695694863796234,0.6844626967830253,0.675650315419881,0.059999999999999984
AU922558 Corp,2.5626283367556466,0.434,0.395,2500000000.0,A+,ONT,16.31656,99.0,0.8063546419143677,2.5626283367556466,2.4445926304248897,0.03899999999999998
AR634841 Corp,1.9685147159479808,0.332,0.287,1250000000.0,AA+,SEK,14.714,96.0,0.5757700800895691,1.9685147159479808,1.9285237042170875,0.04500000000000004
AW855352 Corp,2.8501026694045173,0.395,0.369,3500000000.0,AAA,ASIA,8.279798,99.0,0.8388921618461609,2.8501026694045173,2.755365832209273,0.026000000000000023
AT705651 Corp,2.349075975359343,0.337,0.279,2000000000.0,AAA,IFC,9.031353,99.0,0.6670312285423279,2.349075975359343,2.2798733247884666,0.057999999999999996
UV827176 Corp,4.479123887748118,1.178,1.11,750000000.0,AA-,KDB,42.86433,80.0,1.9177848100662231,4.479123887748118,4.2034591791023175,0.06799999999999984
AR104355 Corp,1.88911704312115,0.283,0.241,1000000000.0,AA+,COE,11.07088,97.0,0.4700884222984314,1.88911704312115,1.8458132158568308,0.04199999999999998
AF265961 Corp,1.3908281998631074,0.211,0.176,3000000000.0,AAA,EIB,9.1953,99.0,0.276585191488266,1.3908281998631074,1.3725395918128138,0.035
QJ038623 Corp,1.5359342915811087,0.215,0.168,1450000000.0,AAA,IBRD,7.730083,95.0,0.2975228726863861,1.5359342915811087,1.506166643132502,0.046999999999999986
AX187117 Corp,2.9103353867214237,0.429,0.384,2000000000.0,AAA,EDC,9.27509,98.0,0.8782131671905518,2.9103353867214237,2.813659420984105,0.044999999999999984
EK511390 Corp,0.5201916495550992,0.215,0.137,1250000000.0,AAA,RENTEN,13.90046,90.0,0.17457851767539978,0.5201916495550992,0.5111609657037571,0.07799999999999999
AX310829 Corp,2.926762491444216,0.44,0.412,1500000000.0,AAA,BNG,11.48614,96.0,0.8162686824798584,2.926762491444216,2.8302955263987313,0.028000000000000025
EJ380084 Corp,1.5277207392197125,0.244,0.226,3000000000.0,AAA,KFW,12.17318,99.0,0.876956045627594,1.5277207392197125,1.4960776793078487,0.017999999999999988
UV426430 Corp,2.3682409308692676,0.304,0.273,1000000000.0,AAA,KFW,6.855016,97.0,0.6074841618537903,2.3682409308692676,2.306461078114605,0.030999999999999972
ZP490841 Corp,1.834360027378508,0.233,0.202,2400000000.0,AAA,ASIA,7.801609,97.0,0.3692574203014374,1.834360027378508,1.8068896127322218,0.031
ZQ598058 Corp,2.080766598220397,0.308,0.273,1000000000.0,AAA,KOMINS,11.64899,94.0,0.5515311360359192,2.080766598220397,2.0413515321158875,0.034999999999999976
ZR370428 Corp,1.4510609171800137,0.261,0.219,3000000000.0,AAA,BNG,12.9577,95.0,0.28080427646636963,1.4510609171800137,1.4361982994507014,0.04200000000000001
AW694584 Corp,2.9295003422313486,0.404,0.382,5000000000.0,AAA,KFW,8.101648,99.0,0.8747574090957642,2.9295003422313486,2.833125508848496,0.02200000000000002
JK394078 Corp,4.974674880219028,1.042,0.994,1000000000.0,AAA,BNG,14.92345,96.0,2.245932102203369,4.974674880219028,4.728964277867274,0.04800000000000004
LW924148 Corp,5.338809034907597,1.071,1.043,1500000000.0,AAA,RENTEN,9.978334,95.0,2.612135171890259,5.338809034907597,5.111657135558255,0.028000000000000025
EJ857575 Corp,2.5270362765229293,0.346,0.312,2200000000.0,AAA,IADB,8.302888,98.0,0.6607329249382019,2.5270362765229293,2.4212045022261797,0.033999999999999975
AM249979 Corp,0.8542094455852156,0.247,0.181,2000000000.0,AA-,Q,15.81535,93.0,0.237534761428833,0.8542094455852156,0.8414165338648428,0.066
AO574637 Corp,1.377138945927447,0.208,0.156,750000000.0,AAA,ASIA,8.049556,91.0,0.29584822058677673,1.377138945927447,1.3613021630472157,0.05199999999999999
BG284569 Corp,3.9425051334702257,0.726,0.693,1000000000.0,AAA,CPPIBC,12.79819,98.0,1.400519847869873,3.9425051334702257,3.856894397443017,0.03300000000000003
EK866230 Corp,4.079397672826831,0.7,0.657,1000000000.0,AAA,KBN,6.770148,95.0,1.520074725151062,4.079397672826831,3.900059808666256,0.04299999999999993
BK598527 Corp,4.344969199178645,0.884,0.861,1000000000.0,AAA,CPPIBC,18.1664,97.0,2.1729469299316406,4.344969199178645,4.310434520929888,0.02300000000000002
AP304373 Corp,1.5249828884325805,0.296,0.242,2000000000.0,A+,ONT,15.56153,97.0,0.3870871365070343,1.5249828884325805,1.4905177325458459,0.05399999999999999
BH917430 Corp,1.0759753593429158,0.204,0.161,1000000000.0,AAA,AFDB,10.74478,90.0,0.19339130818843842,1.0759753593429158,1.0712723039144978,0.04299999999999998
ZP531527 Corp,1.834360027378508,0.325,0.304,3000000000.0,A+,ONT,15.39455,98.0,0.5020557641983032,1.834360027378508,1.8051027398032755,0.02100000000000002
ZO686159 Corp,2.532511978097194,0.341,0.313,3000000000.0,AAA,ASIA,7.918777,99.0,0.6953701972961426,2.532511978097194,2.521194708056215,0.028000000000000025
ZP872898 Corp,3.887748117727584,0.692,0.66,1500000000.0,AA+,OKB,10.75771,94.0,1.4460408687591553,3.887748117727584,3.779881363480316,0.03199999999999992
EK023098 Corp,2.8281998631074607,0.532,0.446,750000000.0,AA-,KDB,20.45232,82.0,0.6649476289749146,2.8281998631074607,2.697543804381515,0.08600000000000002
EJ352557 Corp,1.4729637234770705,0.429,0.324,750000000.0,AA-,KDB,27.14617,67.0,0.8832885026931763,1.4729637234770705,1.4478483465896699,0.10499999999999998
ZR777635 Corp,3.5236139630390144,0.622,0.58,500000000.0,AA+,IDBINV,13.10793,91.0,1.2496113777160645,3.5236139630390144,3.4199911098466247,0.04200000000000004
ZO296321 Corp,4.465434633812457,0.887,0.862,1500000000.0,AAA,NIB,14.62256,98.0,2.2162063121795654,4.465434633812457,4.427099256743129,0.025000000000000022
ZP906825 Corp,1.88911704312115,0.277,0.243,1250000000.0,AA+,NRW,11.68816,97.0,0.4096466898918152,1.88911704312115,1.8687332571653708,0.03400000000000003
AW965017 Corp,2.86652977412731,0.457,0.411,1250000000.0,AAA,KBN,12.3569,97.0,0.8288673162460327,2.86652977412731,2.765128239878547,0.04600000000000004
BH455844 Corp,2.0314852840520192,0.329,0.304,1750000000.0,AA+,SEK,14.31419,95.0,0.5193431377410889,2.0314852840520192,2.0120643861632126,0.025000000000000022
EK801127 Corp,3.9835728952772076,0.69,0.651,500000000.0,AAA,ASIA,6.904552,95.0,1.474621295928955,3.9835728952772076,3.84405207746486,0.038999999999999924
ZO296549 Corp,4.465434633812457,0.939,0.913,1500000000.0,AAA,KBN,19.84728,98.0,2.1936891078948975,4.465434633812457,4.427049880652982,0.025999999999999912
JK770242 Corp,2.0670773442847366,0.292,0.274,1000000000.0,AAA,IBRD,11.11678,93.0,0.6442537307739258,2.0670773442847366,2.0245785390197577,0.01799999999999996
BG551471 Corp,3.9644079397672827,0.706,0.677,1250000000.0,AAA,KBN,10.05146,97.0,1.3849703073501587,3.9644079397672827,3.903703777134517,0.028999999999999915
AR724601 Corp,1.9767282683093772,0.25,0.219,3350000000.0,AAA,ASIA,7.958581,98.0,0.44216710329055786,1.9767282683093772,1.93857629258651,0.031
BH995444 Corp,2.0917180013689256,0.315,0.292,1750000000.0,AA+,NRW,12.75832,96.0,0.4737919270992279,2.0917180013689256,2.0731698067888362,0.02300000000000002
AQ695703 Corp,1.8179329226557153,0.235,0.187,4050000000.0,AAA,IADB,6.551453,97.0,0.4512007236480713,1.8179329226557153,1.7780906990907945,0.04799999999999999
AM759447 Corp,1.2238193018480492,0.203,0.171,3000000000.0,AAA,EIB,9.898335,98.0,0.26594778895378113,1.2238193018480492,1.2049969142890207,0.032
BH830095 Corp,1.0759753593429158,0.264,0.221,1000000000.0,AA+,NRWBK,16.7123,91.0,0.22319765388965607,1.0759753593429158,1.070037613232773,0.04300000000000001
AP058326 Corp,1.4729637234770705,0.202,0.185,3100000000.0,AAA,IADB,8.782503,98.0,0.2430550456047058,1.4729637234770705,1.4566351916001223,0.017000000000000015
AU573717 Corp,1.5058179329226558,0.217,0.178,600000000.0,AAA,IADB,8.095673,92.0,0.28527554869651794,1.5058179329226558,1.460233047975932,0.03900000000000001
ZR991747 Corp,3.561943874058864,0.593,0.579,1000000000.0,AAA,BNG,11.12571,93.0,1.1998268365859985,3.561943874058864,3.457877268501659,0.014000000000000012
AZ571437 Corp,1.3169062286105406,0.205,0.165,3250000000.0,AAA,ASIA,8.953627,97.0,0.25968852639198303,1.3169062286105406,1.3029685087136103,0.03999999999999998
AU777760 Corp,0.6461327857631759,0.209,0.129,1000000000.0,AAA,KOMINS,12.5339,92.0,0.26395124197006226,0.6461327857631759,0.6343794822368999,0.07999999999999999
AZ482536 Corp,1.4099931553730323,0.213,0.179,4000000000.0,AAA,KFW,9.29309,99.0,0.27276015281677246,1.4099931553730323,1.3955237882614318,0.034
ZQ049381 Corp,3.567419575633128,0.574,0.549,3000000000.0,AAA,ASIA,7.992073,97.0,1.0975799560546875,3.567419575633128,3.4634898621675636,0.02499999999999991
AR595383 Corp,1.9630390143737166,0.466,0.382,500000000.0,AA-,KDB,28.40289,71.0,0.30416202545166016,1.9630390143737166,1.9162418276758844,0.08400000000000002
AV504209 Corp,2.639288158795346,0.381,0.347,1250000000.0,AAA,RENTEN,9.545921,99.0,0.7422381043434143,2.639288158795346,2.5282987643933548,0.03400000000000003
ZR549058 Corp,1.4784394250513346,0.225,0.186,2000000000.0,AAA,AFDB,9.607925,94.0,0.3456638753414154,1.4784394250513346,1.4630826840280222,0.03900000000000001
EJ545251 Corp,1.88911704312115,0.23,0.212,750000000.0,AAA,IBRD,7.46085,95.0,0.4963391125202179,1.88911704312115,1.8526820103523445,0.018000000000000016
AU930841 Corp,0.7255304585900069,0.181,0.131,4000000000.0,AAA,KFW,10.30722,97.0,0.5887480974197388,0.7255304585900069,0.7146410743761326,0.04999999999999999
AZ770894 Corp,3.351129363449692,0.553,0.503,1000000000.0,AA+,NRWBK,10.23287,96.0,0.9714921116828918,3.351129363449692,3.2413374260716377,0.050000000000000044
EK399453 Corp,3.3319644079397674,0.591,0.567,2000000000.0,AAA,CADEPO,16.23106,93.0,1.0284183025360107,3.3319644079397674,3.1798615562339454,0.02400000000000002
BH651188 Corp,2.0616016427104724,0.282,0.238,2000000000.0,AAA,BNG,9.107108,97.0,0.4700958728790283,2.0616016427104724,2.04263541675906,0.043999999999999984
AR669920 Corp,1.9712525667351128,0.283,0.232,1000000000.0,AAA,EDC,10.13251,97.0,0.5072020292282104,1.9712525667351128,1.9330105919997302,0.05099999999999996
QZ173152 Corp,5.388090349075975,1.072,1.043,500000000.0,AAA,ASIA,8.116286,90.0,2.832756757736206,5.388090349075975,5.158876656700019,0.029000000000000137
ZP932668 Corp,3.890485968514716,0.643,0.616,925000000.0,AAA,EBRD,5.935682,98.0,1.3096510171890259,3.890485968514716,3.782771540719051,0.027000000000000024
ZO418910 Corp,4.48186173853525,0.935,0.906,1500000000.0,AA+,OKB,18.9878,97.0,2.24938702583313,4.48186173853525,4.443722014857041,0.029000000000000026
AR600107 Corp,1.9657768651608487,0.284,0.25,1500000000.0,AA+,OKB,11.17564,97.0,0.45423075556755066,1.9657768651608487,1.9257655104683367,0.033999999999999975
AP317237 Corp,1.514031485284052,0.213,0.186,1000000000.0,AAA,KFW,8.725388,96.0,0.29359129071235657,1.514031485284052,1.4822004495443089,0.026999999999999996
ZO933872 Corp,2.5708418891170433,0.347,0.328,1000000000.0,AA+,COE,8.323788,97.0,0.7230163812637329,2.5708418891170433,2.560099172580167,0.01899999999999996
AN134213 Corp,1.2238193018480492,0.21,0.178,4000000000.0,AAA,KFW,10.62427,99.0,0.24101799726486206,1.2238193018480492,1.2067530848292163,0.032
AM661406 Corp,0.9500342231348392,0.212,0.136,1550000000.0,NR,EBRD,10.96821,92.0,0.23731663823127747,0.9500342231348392,0.9447937259728778,0.07599999999999998
JK529704 Corp,4.996577686516085,1.063,1.01,1250000000.0,AAA,NEDWBK,15.98529,94.0,2.3072361946105957,4.996577686516085,4.751052859400331,0.052999999999999936
EK694947 Corp,3.8302532511978096,0.637,0.612,1500000000.0,AAA,ASIA,7.00915,99.0,1.3638616800308228,3.8302532511978096,3.6934427620191888,0.025000000000000022
EJ252280 Corp,1.2621492128678986,0.294,0.222,1000000000.0,A+,ONT,16.82346,96.0,0.2823042571544647,1.2621492128678986,1.2433508394570798,0.07199999999999998
ZQ158096 Corp,3.7180013689253935,0.718,0.638,500000000.0,AAA,NEDFIN,16.39013,96.0,1.5876177549362183,3.7180013689253935,3.61427601919831,0.07999999999999996
ZR642476 Corp,1.5058179329226558,0.224,0.191,1000000000.0,AA+,COE,9.356104,92.0,0.2826908230781555,1.5058179329226558,1.4773561760333664,0.033
AP034806 Corp,1.4702258726899384,0.217,0.167,4000000000.0,AAA,ASIA,8.366647,98.0,0.2923719882965088,1.4702258726899384,1.4538575070444435,0.04999999999999999
EK682155 Corp,3.805612594113621,0.626,0.588,2000000000.0,AAA,RENTEN,5.901816,94.0,1.453460693359375,3.805612594113621,3.668496001938615,0.038000000000000034
AO839167 Corp,1.431895961670089,0.3,0.255,1000000000.0,AA+,SEK,17.11793,95.0,0.446279913187027,1.431895961670089,1.4159597272736004,0.044999999999999984
BH341850 Corp,2.0123203285420943,0.382,0.274,900000000.0,AAA,BNS,16.56427,77.0,1.6993271112442017,2.0123203285420943,1.974793394935531,0.10799999999999998
EK603574 Corp,0.6680355920602327,0.176,0.121,1000000000.0,AAA,ASIA,10.37977,93.0,0.18537187576293945,0.6680355920602327,0.6586833228518854,0.05499999999999999
AP912476 Corp,1.6454483230663928,0.237,0.185,2000000000.0,AAA,AFDB,8.719367,98.0,0.3359699547290802,1.6454483230663928,1.6110190504456268,0.05199999999999999
ZS620731 Corp,3.156741957563313,0.461,0.436,1000000000.0,AAA,NIB,7.261609,98.0,0.9083812236785889,3.156741957563313,3.0450434454083086,0.025000000000000022
BK913259 Corp,1.6865160848733745,0.251,0.22,1250000000.0,AAA,KOMINS,10.66613,94.0,0.3119911253452301,1.6865160848733745,1.6795917953296386,0.031
AL464142 Corp,0.7008898015058179,0.24,0.171,1500000000.0,AAA,RENTEN,15.92493,93.0,0.19401489198207855,0.7008898015058179,0.6923154485106222,0.06899999999999998
AP953318 Corp,1.6454483230663928,0.288,0.281,1000000000.0,AAA,KOMMUN,15.93532,96.0,0.4842834174633026,1.6454483230663928,1.620076363262114,0.006999999999999951
ZQ911921 Corp,2.7159479808350446,0.434,0.402,1350000000.0,AA+,SEK,14.10284,92.0,0.7898438572883606,2.7159479808350446,2.6510760526954886,0.03199999999999997
EK949484 Corp,4.210814510609172,0.763,0.738,1500000000.0,AAA,RENTEN,8.311109,97.0,1.6348272562026978,4.210814510609172,4.011367633074487,0.025000000000000022
BJ422325 Corp,2.1492128678986995,0.305,0.265,3000000000.0,AA,CADES,9.749459,97.0,0.5242380499839783,2.1492128678986995,2.140672660655769,0.03999999999999998
AU539664 Corp,2.5023956194387407,0.385,0.36,2000000000.0,AAA,CPPIBC,13.06971,98.0,0.6851916909217834,2.5023956194387407,2.4271534246936386,0.025000000000000022
BJ051955 Corp,1.108829568788501,0.274,0.232,1000000000.0,AA+,IDBINV,17.60602,88.0,0.1959192156791687,1.108829568788501,1.1009257068120415,0.04200000000000001
AX188359 Corp,1.1526351813826146,0.19,0.158,3000000000.0,AAA,EIB,9.185897,99.0,0.23353265225887299,1.1526351813826146,1.1338101458811718,0.032
AU502640 Corp,2.48870636550308,0.37,0.329,2500000000.0,AAA,BNG,10.9504,97.0,0.6845566630363464,2.48870636550308,2.4159970010112906,0.04099999999999998
AR507482 Corp,1.949349760438056,0.294,0.24,1000000000.0,AA+,KUNTA,11.48325,99.0,0.5330864787101746,1.949349760438056,1.9090986830609742,0.05399999999999999
AM189309 Corp,0.837782340862423,0.243,0.165,1500000000.0,AAA,KBN,15.35802,91.0,0.18737255036830902,0.837782340862423,0.827826740155361,0.07799999999999999
BJ717300 Corp,2.187542778918549,0.35,0.307,1500000000.0,AA+,ERSTAA,13.75562,96.0,0.5558965802192688,2.187542778918549,2.173704998152474,0.04299999999999998
AT563976 Corp,2.316221765913758,0.321,0.294,1000000000.0,AAA,NIB,9.859999,98.0,0.6644158363342285,2.316221765913758,2.2493181445744175,0.027000000000000024
AW853266 Corp,2.8501026694045173,0.42,0.385,2000000000.0,AAA,FMSWER,10.28181,94.0,0.9406614303588867,2.8501026694045173,2.7512919341551805,0.034999999999999976
BH998861 Corp,2.0917180013689256,0.367,0.328,2000000000.0,AA,AGFRNC,16.39163,94.0,0.48587727546691895,2.0917180013689256,2.069535929059563,0.03899999999999998
AZ589568 Corp,1.3141683778234086,0.21,0.151,2000000000.0,AAA,EDC,8.515173,94.0,0.28896385431289673,1.3141683778234086,1.3010810086248619,0.059
QZ896773 Corp,0.5749486652977412,0.193,0.146,1000000000.0,AAA,EDC,13.25121,91.0,0.16001930832862854,0.5749486652977412,0.5688285920456841,0.047000000000000014
BH589190 Corp,2.0616016427104724,0.379,0.377,2000000000.0,AAA,CADEPO,18.06582,95.0,0.5369762182235718,2.0616016427104724,2.036584949477631,0.0020000000000000018
EJ516708 Corp,1.8316221765913758,0.274,0.232,1500000000.0,AAA,BNG,11.15647,97.0,0.45915353298187256,1.8316221765913758,1.7919625758527933,0.04200000000000001
BJ450622 Corp,2.1492128678986995,0.288,0.287,1500000000.0,AAA,NIB,8.528215,97.0,0.476820170879364,2.1492128678986995,2.1406722396119906,0.0010000000000000009
AV365002 Corp,0.6242299794661191,0.258,0.149,1000000000.0,AA+,SEK,15.69532,93.0,0.22689597308635712,0.6242299794661191,0.6118615710838514,0.10900000000000001
AZ659725 Corp,1.3333333333333333,0.309,0.273,1500000000.0,AA+,NRW,19.48364,96.0,0.3354381322860718,1.3333333333333333,1.3152099805688815,0.035999999999999976
AQ789107 Corp,1.834360027378508,0.241,0.202,1250000000.0,AAA,EDC,8.012148,96.0,0.4280685782432556,1.834360027378508,1.794753149305703,0.03899999999999998
AV687718 Corp,0.7419575633127995,0.258,0.168,1000000000.0,AAA,NEDWBK,16.29892,94.0,0.2319624423980713,0.7419575633127995,0.7316000604775359,0.09
BH542042 Corp,1.0376454483230664,0.211,0.175,1250000000.0,AAA,CPPIBC,12.24193,94.0,0.21401089429855347,1.0376454483230664,1.0305398594212243,0.036000000000000004
ZR530685 Corp,1.4811772758384667,0.237,0.199,1500000000.0,AA+,OKB,10.4549,94.0,0.3203382194042206,1.4811772758384667,1.465859255889234,0.03799999999999998
BK500619 Corp,2.321697467488022,0.382,0.327,1000000000.0,AA+,IDBINV,14.17661,91.0,0.5769402980804443,2.321697467488022,2.3073573759186887,0.05499999999999999
AN540052 Corp,1.1444216290212184,0.209,0.152,1250000000.0,AAA,EDC,9.923992,93.0,0.24829483032226562,1.1444216290212184,1.1298603144877948,0.056999999999999995
AP789582 Corp,0.6433949349760438,0.249,0.198,500000000.0,AAA,NEDWBK,18.35661,91.0,0.2766992747783661,0.6433949349760438,0.6336813917892957,0.05099999999999999
AM619747 Corp,0.9363449691991786,0.263,0.179,1395000000.0,AAA,NEDWBK,15.21191,95.0,0.22950363159179688,0.9363449691991786,0.9306040447463114,0.08400000000000002
BJ067157 Corp,0.8596851471594799,0.213,0.17,1000000000.0,AAA,KOMINS,13.83225,94.0,0.13387206196784973,0.8596851471594799,0.8515328179676417,0.04299999999999998
BH248043 Corp,1.0130047912388775,0.203,0.177,2000000000.0,NR,SWED,11.69023,87.0,0.20185323059558868,1.0130047912388775,1.0083179254935706,0.026000000000000023
BH474826 Corp,1.0376454483230664,0.22,0.199,2000000000.0,AAA,FMSWER,13.72173,88.0,0.23586125671863556,1.0376454483230664,1.0299255148337212,0.02099999999999999
ZP872560 Corp,1.88911704312115,0.343,0.328,1000000000.0,AA,CDCEPS,18.90454,92.0,0.5270975828170776,1.88911704312115,1.8687223550086212,0.015000000000000013
ZQ598057 Corp,2.080766598220397,0.294,0.27,1000000000.0,AAA,KOMINS,10.7453,94.0,0.4524731934070587,2.080766598220397,2.041356550736907,0.023999999999999966
BK598525 Corp,4.344969199178645,0.89,0.86,1000000000.0,AAA,CPPIBC,18.0102,97.0,2.0874195098876953,4.344969199178645,4.310431466944327,0.030000000000000027
EK734797 Corp,3.885010266940452,0.714,0.665,1000000000.0,AAA,KBN,11.344,92.0,1.8193570375442505,3.885010266940452,3.7384341263962657,0.04899999999999993
EK852381 Corp,1.054072553045859,0.278,0.214,3000000000.0,AAA,NEDWBK,15.50748,98.0,0.24080492556095123,1.054072553045859,1.0390728383176773,0.06400000000000003
BK188756 Corp,2.43668720054757,0.361,0.324,1000000000.0,AA+,KUNTA,11.18422,98.0,0.6232118010520935,2.43668720054757,2.4239978950562246,0.03699999999999998
ZS311990 Corp,3.1047227926078027,0.618,0.605,1250000000.0,AA+,OMERFT,25.70662,90.0,1.0847594738006592,3.1047227926078027,2.9805744851526184,0.013000000000000012
AM293450 Corp,0.8569472963723477,0.24,0.169,1750000000.0,AAA,BNG,14.95654,94.0,0.21407638490200043,0.8569472963723477,0.8441945773781377,0.07099999999999998
ZP515174 Corp,1.8316221765913758,0.293,0.257,1250000000.0,AA+,ERSTAA,13.38912,94.0,0.4069982171058655,1.8316221765913758,1.804096276485324,0.035999999999999976
AV328477 Corp,2.620123203285421,0.381,0.345,1000000000.0,AA+,OKB,10.13785,95.0,0.6713859438896179,2.620123203285421,2.5088561401399767,0.03600000000000003
AO478483 Corp,1.352498288843258,0.224,0.193,1500000000.0,AAA,FMSWER,10.93847,88.0,0.3029317259788513,1.352498288843258,1.3354124013262458,0.031
AM776160 Corp,0.971937029431896,0.292,0.248,1000000000.0,AA+,KUNTA,18.42101,95.0,0.4151485860347748,0.971937029431896,0.9664124923841003,0.043999999999999984
AW981460 Corp,0.8733744010951403,0.287,0.273,1000000000.0,AA+,LBANK,22.43401,93.0,0.262054979801178,0.8733744010951403,0.8669810864639624,0.013999999999999957
EK884284 Corp,4.060232717316906,0.665,0.545,500000000.0,AA+,NRW,0.2972503,90.0,1.5212490558624268,4.060232717316906,3.852654909010309,0.12
ZS224984 Corp,1.0841889117043122,0.29,0.283,1750000000.0,A+,ONT,21.08316,97.0,0.2813069522380829,1.0841889117043122,1.0648707173549026,0.007000000000000006
ZR991746 Corp,3.561943874058864,0.602,0.581,1000000000.0,AAA,BNG,10.70039,93.0,1.222853183746338,3.561943874058864,3.4578631480041135,0.02100000000000002
AU556281 Corp,2.5023956194387407,0.391,0.365,2000000000.0,AAA,CPPIBC,13.63906,98.0,0.7477123141288757,2.5023956194387407,2.4271476076327816,0.026000000000000023
ZO479718 Corp,4.498288843258043,0.939,0.89,4000000000.0,AA,CADES,17.32313,98.0,2.4267783164978027,4.498288843258043,4.460394326621359,0.04899999999999993
TT314342 Corp,2.0314852840520192,0.557,0.429,500000000.0,AAA,AFDB,25.93225,77.0,1.360897421836853,2.0314852840520192,1.8480834701384004,0.12800000000000006
DD533582 Corp,2.8774811772758384,0.672,0.649,1000000000.0,AA-,Q,35.71901,89.0,4.837536811828613,2.8774811772758384,2.6497529671907607,0.02300000000000002
BM121990 Corp,1.319644079397673,0.231,0.207,1250000000.0,AAA,KOMINS,12.23673,96.0,0.21497786045074463,1.319644079397673,1.3185070004059745,0.02400000000000002
AM189082 Corp,0.837782340862423,0.206,0.176,2000000000.0,AAA,CPPIBC,13.9722,96.0,0.20301412045955658,0.837782340862423,0.8278271106655373,0.03
ZR643328 Corp,0.5010266940451745,0.182,0.15,1000000000.0,AAA,RENTEN,13.27895,91.0,0.13440921902656555,0.5010266940451745,0.49722440268314816,0.032
AX568615 Corp,0.9801505817932923,0.384,0.306,1500000000.0,AA,RESFER,27.78744,89.0,0.5416155457496643,0.9801505817932923,0.9806198172742012,0.07800000000000001
AW694261 Corp,1.4757015742642026,0.25,0.206,1500000000.0,AAA,KOMINS,12.4752,94.0,0.3798663020133972,1.4757015742642026,1.4532460481324252,0.04400000000000001
AW695964 Corp,0.8295687885010267,0.256,0.205,2000000000.0,AA,AGFRNC,16.96847,95.0,0.2549431324005127,0.8295687885010267,0.8253197744530315,0.05100000000000002
AS258743 Corp,4.219028062970568,0.742,0.723,1500000000.0,AAA,EIB,6.502403,97.0,1.734900712966919,4.219028062970568,3.98308622808684,0.019000000000000017
EK514358 Corp,0.5201916495550992,0.225,0.121,1000000000.0,AA+,OKB,14.01532,93.0,0.191722571849823,0.5201916495550992,0.5108623003675526,0.10400000000000001
ZQ029157 Corp,1.5633127994524298,0.226,0.191,1000000000.0,AAA,NIB,9.071006,92.0,0.35421353578567505,1.5633127994524298,1.5409905322119555,0.035
ZR442659 Corp,1.4674880219028064,0.254,0.218,1250000000.0,AA+,KUNTA,12.74874,93.0,0.442442387342453,1.4674880219028064,1.4537653282948115,0.036000000000000004
AQ599079 Corp,1.7987679671457906,0.307,0.263,1500000000.0,AAA,KBN,14.76921,98.0,0.4933790862560272,1.7987679671457906,1.758616154029726,0.043999999999999984
EK128458 Corp,2.9869952087611225,0.473,0.433,3000000000.0,AA,CADES,12.59329,98.0,0.9972728490829468,2.9869952087611225,2.87026232697335,0.03999999999999998
AR482945 Corp,1.946611909650924,0.271,0.241,1500000000.0,AAA,FMSWER,9.873458,90.0,0.4487595558166504,1.946611909650924,1.9080112723232214,0.030000000000000027
AV879716 Corp,1.6974674880219027,0.266,0.228,500000000.0,AAA,NEDWBK,11.73326,93.0,0.31360647082328796,1.6974674880219027,1.6502064603492976,0.038000000000000006
AU674859 Corp,0.5284052019164955,0.298,0.2,1000000000.0,AA+,NRWBK,21.15227,92.0,0.3351033627986908,0.5284052019164955,0.5255832438699968,0.09799999999999998
AS357424 Corp,1.111567419575633,0.196,0.162,1000000000.0,AAA,KFW,9.48959,98.0,0.26675084233283997,1.111567419575633,1.0838788399917378,0.034
AZ104962 Corp,3.2361396303901437,0.522,0.497,1500000000.0,AAA,KBN,11.73651,95.0,1.0218467712402344,3.2361396303901437,3.1341659646998092,0.025000000000000022
BH500539 Corp,1.0376454483230664,0.22,0.204,1250000000.0,AAA,CPPIBC,13.98919,94.0,0.20759142935276031,1.0376454483230664,1.0305389945215961,0.016000000000000014
AU931365 Corp,0.5667351129363449,0.229,0.128,1500000000.0,AAA,KBN,14.02132,91.0,0.21642404794692993,0.5667351129363449,0.5563070052655172,0.101
AU777759 Corp,0.6461327857631759,0.186,0.143,1000000000.0,AAA,KOMINS,13.04536,92.0,0.1911073923110962,0.6461327857631759,0.6343796747544208,0.04300000000000001
BH586540 Corp,2.0616016427104724,0.369,0.307,2000000000.0,AAA,CADEPO,16.72435,95.0,0.48275405168533325,2.0616016427104724,2.0365992727088904,0.062
ZP327529 Corp,3.811088295687885,0.701,0.686,2000000000.0,AAA,NEDWBK,13.7739,93.0,1.412479043006897,3.811088295687885,3.689164951607128,0.014999999999999902
AX646730 Corp,2.642026009582478,0.401,0.367,1000000000.0,AA+,KUNTA,11.86029,97.0,0.9042960405349731,2.642026009582478,2.5510969178903147,0.03400000000000003
ZR370427 Corp,1.4510609171800137,0.255,0.216,3000000000.0,AAA,BNG,12.16569,95.0,0.290642648935318,1.4510609171800137,1.4361987021017932,0.03900000000000001
QZ198385 Corp,5.3963039014373715,1.269,1.247,1000000000.0,A+,ALTA,28.88354,97.0,3.079319477081299,5.3963039014373715,5.13059678536525,0.021999999999999797
AS978318 Corp,0.6433949349760438,0.239,0.143,1000000000.0,AAA,KOMMUN,14.51421,92.0,0.20182135701179504,0.6433949349760438,0.6393024117357227,0.096
BJ067158 Corp,0.8596851471594799,0.253,0.248,1000000000.0,AAA,KOMINS,19.27423,94.0,0.28243520855903625,0.8596851471594799,0.8515324508146187,0.0050000000000000044
AV327443 Corp,0.6160164271047228,0.335,0.186,1000000000.0,AA+,ERSTAA,20.51347,94.0,0.2988637089729309,0.6160164271047228,0.6035260990757102,0.14900000000000002
BK078903 Corp,2.8966461327857633,0.437,0.408,1250000000.0,AAA,KOMINS,12.14962,97.0,0.9245398640632629,2.8966461327857633,2.87765351276421,0.029000000000000026
ZR748583 Corp,1.5824777549623545,0.25,0.217,1250000000.0,AAA,KOMINS,11.381,93.0,0.34390905499458313,1.5824777549623545,1.556885441352297,0.033
AX334052 Corp,0.9308692676249144,0.21,0.141,2000000000.0,NR,SWED,10.45307,95.0,0.22069194912910461,0.9308692676249144,0.9188986028140592,0.069
AM293438 Corp,0.8569472963723477,0.233,0.186,1750000000.0,AAA,BNG,15.18672,94.0,0.2012651115655899,0.8569472963723477,0.8441944443653999,0.047000000000000014
JK504432 Corp,4.996577686516085,1.046,1.009,1250000000.0,AAA,NEDWBK,15.73499,94.0,2.6328065395355225,4.996577686516085,4.7511156184403225,0.037000000000000144
AX414285 Corp,0.9418206707734429,0.265,0.214,1250000000.0,AA+,ERSTAA,17.96124,94.0,0.2567734718322754,0.9418206707734429,0.9352646888045312,0.05100000000000002
ZO296548 Corp,4.465434633812457,0.928,0.891,1500000000.0,AAA,KBN,17.92294,98.0,2.1619136333465576,4.465434633812457,4.427065697589637,0.03700000000000003
ZS310141 Corp,3.1047227926078027,0.62,0.605,1250000000.0,AA+,OMERFT,25.41055,90.0,1.0524955987930298,3.1047227926078027,2.9805725196226946,0.015000000000000013
AM154599 Corp,0.837782340862423,0.206,0.183,2000000000.0,AAA,CPPIBC,13.93602,96.0,0.17354407906532288,0.837782340862423,0.8278270140090765,0.022999999999999993
BJ422324 Corp,2.1492128678986995,0.303,0.27,3000000000.0,AA,CADES,9.919576,97.0,0.49888506531715393,2.1492128678986995,2.140672433945441,0.032999999999999974
BJ818846 Corp,2.209445585215606,0.286,0.265,500000000.0,AA+,COE,7.907377,94.0,0.48050737380981445,2.209445585215606,2.202096566949634,0.020999999999999963
BH166941 Corp,1.0376454483230664,0.263,0.233,2500000000.0,AA+,LBANK,17.3719,92.0,0.24373142421245575,1.0376454483230664,1.0299402040836052,0.03
AV290683 Corp,0.6242299794661191,0.212,0.157,500000000.0,AAA,BNG,14.38338,92.0,0.2540506422519684,0.6242299794661191,0.6118622819545391,0.05499999999999999
BK913249 Corp,1.6865160848733745,0.252,0.219,1250000000.0,AAA,KOMINS,10.84055,94.0,0.3032778799533844,1.6865160848733745,1.6795917823847968,0.033
AW578330 Corp,0.8186173853524983,0.319,0.288,1000000000.0,AA,CDCEPS,24.77188,91.0,0.2605878710746765,0.8186173853524983,0.8143348263404766,0.031000000000000028
AU502639 Corp,2.48870636550308,0.369,0.328,2500000000.0,AAA,BNG,10.88673,97.0,0.6866579055786133,2.48870636550308,2.415998169463807,0.04099999999999998
BG283688 Corp,3.9425051334702257,0.738,0.706,1000000000.0,AAA,CPPIBC,13.19338,98.0,1.619382381439209,3.9425051334702257,3.8568693932762868,0.03200000000000003
AM189290 Corp,0.837782340862423,0.233,0.19,1500000000.0,AAA,KBN,15.49306,91.0,0.17893199622631073,0.837782340862423,0.8278265468118987,0.04300000000000001
BH650556 Corp,2.0616016427104724,0.293,0.259,2000000000.0,AAA,BNG,10.52758,97.0,0.4618208408355713,2.0616016427104724,2.0426310497658675,0.033999999999999975
AX616162 Corp,1.054072553045859,0.252,0.183,1000000000.0,AAA,KOMMUN,14.38287,97.0,0.25376662611961365,1.054072553045859,1.0289190158601063,0.069
EK734791 Corp,3.885010266940452,0.706,0.674,1000000000.0,AAA,KBN,12.13059,92.0,1.4594801664352417,3.885010266940452,3.7384337094435507,0.03199999999999992
AM619557 Corp,0.9363449691991786,0.246,0.195,1395000000.0,AAA,NEDWBK,16.08854,95.0,0.16611221432685852,0.9363449691991786,0.9306040590915579,0.05099999999999999
AZ104961 Corp,3.2361396303901437,0.535,0.495,1500000000.0,AAA,KBN,11.60225,95.0,0.9490554928779602,3.2361396303901437,3.1341560108667013,0.040000000000000036
JK368652 Corp,4.974674880219028,1.029,0.997,1000000000.0,AAA,BNG,14.61801,96.0,2.5325753688812256,4.974674880219028,4.729001478738326,0.03199999999999992
AV779542 Corp,0.9938398357289527,0.226,0.187,1250000000.0,AAA,KOMINS,14.25077,95.0,0.3309986889362335,0.9938398357289527,0.9871557813739067,0.03900000000000001
AW965105 Corp,2.86652977412731,0.439,0.412,1250000000.0,AAA,KBN,12.84165,97.0,0.8379799127578735,2.86652977412731,2.765142627600065,0.027000000000000024
AX310828 Corp,2.926762491444216,0.442,0.424,1500000000.0,AAA,BNG,12.26781,96.0,0.836322009563446,2.926762491444216,2.8302835738408163,0.018000000000000016
AQ599071 Corp,1.7987679671457906,0.279,0.238,1500000000.0,AAA,KBN,12.35853,98.0,0.44300127029418945,1.7987679671457906,1.7586268480043303,0.041000000000000036
EK849236 Corp,1.054072553045859,0.243,0.205,1950000000.0,AAA,NEDWBK,15.36473,98.0,0.21800312399864197,1.054072553045859,1.0390753680971945,0.038000000000000006
EJ516748 Corp,1.8316221765913758,0.272,0.239,1500000000.0,AAA,BNG,11.40222,97.0,0.4276919960975647,1.8316221765913758,1.7919617106462236,0.03300000000000003
AW694260 Corp,1.4757015742642026,0.246,0.206,1500000000.0,AAA,KOMINS,11.5352,94.0,0.260271281003952,1.4757015742642026,1.4532464074233924,0.04000000000000001
AU931364 Corp,0.5667351129363449,0.203,0.144,1500000000.0,AAA,KBN,14.42486,91.0,0.1841043084859848,0.5667351129363449,0.5563072006790185,0.059000000000000025
BG551457 Corp,3.9644079397672827,0.718,0.692,1250000000.0,AAA,KBN,11.66168,97.0,1.4929105043411255,3.9644079397672827,3.903684312389183,0.026000000000000023
ZR748582 Corp,1.5824777549623545,0.247,0.214,1250000000.0,AAA,KOMINS,11.25608,93.0,0.31051763892173767,1.5824777549623545,1.5568862861171486,0.033
AV879711 Corp,1.6974674880219027,0.261,0.218,500000000.0,AAA,NEDWBK,11.88303,93.0,0.3205638527870178,1.6974674880219027,1.6502102995822028,0.04300000000000001
AV194589 Corp,0.6242299794661191,0.19,0.144,500000000.0,AAA,BNG,13.20114,92.0,0.1684306114912033,0.6242299794661191,0.6118629334564248,0.04600000000000001
AR507490 Corp,1.949349760438056,0.301,0.265,1000000000.0,AA+,KUNTA,12.69526,99.0,0.39993101358413696,1.949349760438056,1.909094555081814,0.035999999999999976
EK862087 Corp,4.079397672826831,0.746,0.743,1000000000.0,AAA,KBN,12.15671,95.0,1.6646809577941895,4.079397672826831,3.899739071892002,0.0030000000000000027
ZR442658 Corp,1.4647501711156743,0.251,0.228,1250000000.0,AA+,KUNTA,13.01192,93.0,0.34255123138427734,1.4647501711156743,1.4509872770467678,0.022999999999999993
AQ605556 Corp,1.894592744695414,0.25,0.203,3000000000.0,NR,SWED,7.986884,90.0,0.4652712345123291,1.894592744695414,1.854793198457424,0.046999999999999986
AM030496 Corp,0.971937029431896,0.191,0.153,4000000000.0,AAA,EIB,10.57545,98.0,0.21788664162158966,0.971937029431896,0.9667164855204428,0.038000000000000006
AX183502 Corp,0.9828884325804244,0.443,0.337,500000000.0,AA-,KDB,32.60183,64.0,0.19550947844982147,0.9828884325804244,0.9748400967831651,0.10599999999999998
AV779541 Corp,0.9938398357289527,0.23,0.18,1250000000.0,AAA,KOMINS,13.35349,95.0,0.20851607620716095,0.9938398357289527,0.9871557990690928,0.05000000000000002
